$ Scripts

→ development/tools/scripts/personal/admin_bat[admin.bat]

→ development/tools/scripts/personal/aqua_bat[aqua.bat]

→ development/tools/scripts/personal/black_bat[black.bat]

→ development/tools/scripts/personal/blue_bat[blue.bat]

→ development/tools/scripts/personal/cb_bat[cb.bat]

→ development/tools/scripts/personal/cdcb_bat[cdcb.bat]

→ development/tools/scripts/personal/cdhom_bat[cdhom.bat]

→ development/tools/scripts/personal/cdm_bat[cdm.bat]

→ development/tools/scripts/personal/cdms_bat[cdms.bat]

→ development/tools/scripts/personal/cdvimf_bat[cdvimf.bat]

→ development/tools/scripts/personal/createImage_pl[createImage.pl]

→ development/tools/scripts/personal/cv_pl[cv.pl]

→ development/tools/scripts/personal/dc_bat[dc.bat]

→ development/tools/scripts/personal/dos-or-unix_pl[dos-or-unix.pl]

→ development/tools/scripts/personal/dt[dt]

→ development/tools/scripts/personal/dt_bat[dt.bat]

→ development/tools/scripts/personal/ejusb_bat[ejusb.bat]

→ development/tools/scripts/personal/fb_bat[fb.bat]

→ development/tools/scripts/personal/ff_ftp_bat[ff_ftp.bat]

→ development/tools/scripts/personal/find-equal-files_pl[find-equal-files.pl]

→ development/tools/scripts/personal/find_large_directories_pl[find_large_directories.pl]

→ development/tools/scripts/personal/ghr_pl[ghr.pl]

→ development/tools/scripts/personal/git-pull_pl[git-pull.pl]

→ development/tools/scripts/personal/git-push_pl[git-push.pl]

→ development/tools/scripts/personal/gitac1[gitac1]

→ development/tools/scripts/personal/gitac1_bat[gitac1.bat]

→ development/tools/scripts/personal/gitl_bat[gitl.bat]

→ development/tools/scripts/personal/gitp_bat[gitp.bat]

→ development/tools/scripts/personal/gitp_sh[gitp.sh]

→ development/tools/scripts/personal/gits_bat[gits.bat]

→ development/tools/scripts/personal/green_bat[green.bat]

→ development/tools/scripts/personal/hex_dump_pl[hex_dump.pl]

→ development/tools/scripts/personal/kill-procs_pl[kill-procs.pl]

→ development/tools/scripts/personal/komm[komm]

→ development/tools/scripts/personal/komm_bat[komm.bat]

→ development/tools/scripts/personal/move-dl_pl[move-dl.pl]

→ development/tools/scripts/personal/move-photos_pl[move-photos.pl]

→ development/tools/scripts/personal/mp3-prep[mp3-prep]

→ development/tools/scripts/personal/mp3SetTag_pl[mp3SetTag.pl]

→ development/tools/scripts/personal/mp3SetTag_py[mp3SetTag.py]

→ development/tools/scripts/personal/mvnd[mvnd]

→ development/tools/scripts/personal/notify_me_at_bat[notify_me_at.bat]

→ development/tools/scripts/personal/nots[nots]

→ development/tools/scripts/personal/nots_bat[nots.bat]

→ development/tools/scripts/personal/p8[p8]

→ development/tools/scripts/personal/p8_bat[p8.bat]

→ development/tools/scripts/personal/paste_pl[paste.pl]

→ development/tools/scripts/personal/pathes_pl[pathes.pl]

→ development/tools/scripts/personal/pc[pc]

→ development/tools/scripts/personal/pc_pl[pc.pl]

→ development/tools/scripts/personal/profile_ps1[profile.ps1]

→ development/tools/scripts/personal/proxy_pl[proxy.pl]

→ development/tools/scripts/personal/pyws_bat[pyws.bat]

→ development/tools/scripts/personal/rec_pl[rec.pl]

→ development/tools/scripts/personal/red_bat[red.bat]

→ development/tools/scripts/personal/show-newline_pl[show-newline.pl]

→ development/tools/scripts/personal/show-newline_test[show-newline.test]

→ development/tools/scripts/personal/sqlcl_bat[sqlcl.bat]

→ development/tools/scripts/personal/svnlu_pl[svnlu.pl]

→ development/tools/scripts/personal/toggle-sound_vbs[toggle-sound.vbs]

→ development/tools/scripts/personal/websrv[websrv]

→ development/tools/scripts/personal/websrv_bat[websrv.bat]

→ development/tools/scripts/personal/wlan_bat[wlan.bat]

